{
  "timestamp": "2025-08-16T00:55:39.281Z",
  "config": {
    "iterations": 50,
    "warmupIterations": 5,
    "message": "Hello, world! This is a benchmark test message."
  },
  "turnkey": {
    "rawTimes": [
      409.25229100000024,
      413.6119170000002,
      326.93412499999977,
      387.59758299999976,
      304.5942500000001,
      296.92020800000046,
      422.2403750000003,
      304.628917,
      408.5651250000001,
      409.76287499999944,
      409.382208,
      306.8336669999999,
      412.0758329999999,
      405.8913329999996,
      414.49462499999936,
      319.69679200000064,
      334.14529200000106,
      368.68625000000065,
      509.895790999999,
      409.4158750000006,
      346.63808400000016,
      300.1194169999999,
      312.16041699999914,
      319.80854200000067,
      316.04899999999907,
      333.60775000000103,
      336.2723339999993,
      411.42362500000127,
      307.99224999999933,
      402.87995799999953,
      301.7816669999993,
      308.73812499999985,
      407.237165999999,
      408.00445899999977,
      315.15954200000124,
      303.51404099999854,
      312.7307089999995,
      335.56366700000217,
      374.2314170000027,
      328.72783400000117,
      385.17091699999946,
      411.2669999999998,
      305.0880419999994,
      729.8808749999989,
      313.90049999999974,
      392.20254099999875,
      308.002625000001,
      410.84337499999674,
      408.0010000000002,
      354.5394159999996
    ],
    "statistics": {
      "min": 296.92020800000046,
      "max": 729.8808749999989,
      "mean": 367.52323254,
      "median": 350.5887499999999,
      "standardDeviation": 71.43779691656516,
      "p95": 422.2403750000003,
      "p99": 729.8808749999989
    }
  },
  "privy": {
    "rawTimes": [
      168.16212499999892,
      198.1388330000009,
      386.24583300000086,
      180.53545799999847,
      207.8261249999996,
      185.40783300000112,
      164.23312499999884,
      172.33533299999908,
      179.29000000000087,
      182.81366699999853,
      178.32387499999822,
      177.93479100000332,
      216.0522090000013,
      164.63987500000076,
      181.31062499999825,
      180.3646660000013,
      191.92083300000013,
      174.90337499999805,
      205.31179199999679,
      182.58962500000052,
      179.2387090000011,
      285.8832089999996,
      272.17741599999863,
      205.4387919999972,
      194.70437500000116,
      248.7770419999979,
      202.25708300000042,
      183.85720899999797,
      172.9430829999983,
      181.42162500000268,
      177.80058400000053,
      171.61204200000066,
      179.20874999999796,
      173.7834580000017,
      181.1155409999992,
      183.54349999999977,
      202.2647500000021,
      205.59062500000073,
      193.75408400000015,
      172.09749999999985,
      177.80720799999835,
      185.1683750000011,
      236.8534159999981,
      171.04724999999962,
      185.85166700000264,
      191.47545799999716,
      184.66862500000207,
      213.46783400000277,
      188.25550000000294,
      282.9123340000042
    ],
    "statistics": {
      "min": 164.23312499999884,
      "max": 386.24583300000086,
      "mean": 197.26634084000005,
      "median": 183.70035449999887,
      "standardDeviation": 38.54490025170754,
      "p95": 282.9123340000042,
      "p99": 386.24583300000086
    }
  },
  "comparison": {
    "turnkeyFaster": false,
    "meanDifferenceMs": 170.25689169999993,
    "percentDifference": 46.325477310191474
  }
}