{
  "timestamp": "2025-08-16T02:12:24.473Z",
  "benchmarkType": "transaction_signing",
  "config": {
    "iterations": 10,
    "warmupIterations": 2,
    "destinationAddress": "9WzDXwBbmkg8ZTbNMqUxvQRAyrZzDsGYdLVL9zYtAWWM",
    "transferAmount": 10000
  },
  "turnkey": {
    "rawTimes": [
      344.6029590000003,
      709.2453749999995,
      350.9930409999997,
      342.6457909999999,
      341.5382919999993,
      460.18987500000003,
      358.31933300000037,
      314.1751669999994,
      325.2647080000006,
      446.1048749999991
    ],
    "statistics": {
      "min": 314.1751669999994,
      "max": 709.2453749999995,
      "mean": 399.3079415999998,
      "median": 347.798,
      "standardDeviation": 113.24430567031872,
      "p95": 709.2453749999995,
      "p99": 709.2453749999995
    }
  },
  "privy": {
    "rawTimes": [
      258.11279099999956,
      234.24445800000103,
      254.54220799999894,
      228.06508300000132,
      243.7256669999988,
      220.26575000000048,
      259.60649999999987,
      318.00045800000044,
      244.89620800000012,
      245.98875000000044
    ],
    "statistics": {
      "min": 220.26575000000048,
      "max": 318.00045800000044,
      "mean": 250.7447873000001,
      "median": 245.44247900000028,
      "standardDeviation": 25.47991064558907,
      "p95": 318.00045800000044,
      "p99": 318.00045800000044
    }
  },
  "comparison": {
    "turnkeyFaster": false,
    "meanDifferenceMs": 148.56315429999972,
    "percentDifference": 37.205158931905345
  }
}